sanitize_length,eer
2,0.09566546559977569
2,0.053571428571428575
2,0.0035031774340204833
2,0.084374004244039
2,0.0323697351937166
2,0.0625
2,0.03121831636022684
2,0.1455727196974553
2,0.1632653061224489
2,0.11443558655953667
2,0.07939376899611653
2,0.01026153440306352
2,0.0727272727271816
2,0.05933596227559772
2,0.1077826959040831
2,0.04695822295444122
2,0.01924220629042167
2,0.05808789578943954
2,0.06666666666666671
2,0.05080448198072225
2,0.024390243902439625
2,0.018518518518397316
2,0.06742906865949017
2,0.08431068200629586
2,0.04081632653061227
2,0.02222222222230686
2,0.1272727272726773
2,0.07386769255195613
2,0.05676404788029195
2,0.030574094133268122
2,0.03448627636269921
2,0.03773584905636168
2,0.04293856623979325
2,0.05000000000000011
2,0.0750311271848804
2,0.026223316322505567
2,0.1251332827727888
2,0.17218880475593393
2,0.022222222222222206
2,0.0023320335284297456
2,0.043478260869565424
2,0.048069895502817706
2,0.23913043478260826
2,0.040816326530612415
2,0.0022604298063199973
2,0.053096295395758455
2,0.08767080153053386
2,0.07317073170721959
2,0.019815268137876985
2,0.058823529411838056
2,0.14764468682554874
2,0.0737474662036596
2,0.01785714285714332
2,0.1096175800262942
2,0.07134618353773171
2,0.06467553529089443
2,0.02850475539066486
2,0.012471754489465863
2,0.01888850399093107
2,0.020000000000350848
2,0.060825029443268924
2,0.07397176265688911
2,0.058111978155100316
2,0.10869565217391315
2,0.06382978723434587
2,0.06666666666666671
2,0.2912672918127766
2,0.023868917907570692
3,0.06224036605962002
3,0.05263157894736846
3,0.017304199552515262
3,0.18205190077506175
3,0.10305907202685718
3,0.10679451982121778
3,0.04545454545454539
3,0.07710457435687616
3,0.06958139921811629
3,0.15105317511350133
3,0.04109589041093026
3,0.11114912047628497
3,0.105929510757451
3,0.043625657353735324
3,0.10657237865331011
3,0.030519970869576
3,0.06596693033784223
3,0.043711665299197636
3,0.1136987890127871
3,0.2272718027091477
3,0.012945331220354475
3,0.013009647140868014
3,0.0749642924504546
3,0.05962565179682821
3,0.04347826086956522
3,0.05714285714318991
3,0.09626349692306112
3,0.06451612903225741
3,0.07266189862032396
3,0.014448819453921027
3,0.11908621394330436
3,0.03939242196628278
3,0.14442459331300458
3,0.0846456477455839
3,0.05333333333303663
3,0.07243698612902422
3,0.0483870967746149
3,0.1140877631211547
3,0.018469216771734086
3,0.017798270623059158
3,0.028842100593842332
3,0.0359039739742652
3,0.10109607809480403
3,0.11428571428571438
3,0.014285714285342737
3,0.06929022152706754
3,0.03181639699411008
3,0.030993228392294
3,0.025063289866330742
3,0.05318716235925275
3,0.0921052631578734
3,0.0675675675675674
3,0.07058823529413816
3,0.07250701412370866
3,0.03076923076923075
3,0.04931779658504401
3,0.054054054054053655
3,0.011941030156684037
3,0.01538461538461533
3,0.0001314167003468432
3,0.03250644400999192
3,0.07164003165010155
3,0.04918032786885251
3,0.04722783175874417
3,0.015790574850581794
3,0.06370944727530904
3,0.06585051171363437
3,0.02720323335231315
4,0.18267517049517237
4,0.028831053411994587
4,0.16167239438862577
4,0.1666675731223132
4,0.022482442656814143
4,0.08878188093847064
4,0.09897802513149105
4,0.24467528944948969
4,0.08910891089111775
4,0.14893617021276598
4,0.0692867373254521
4,0.012303273981675456
4,0.0802785449851089
4,0.07518891351405912
4,0.15841584158394773
4,0.06683205718841231
4,0.17211727044625408
4,0.10679611650486096
4,0.10017002543715578
4,0.22037053855192656
4,0.07591767101425345
4,0.03046951527518263
4,0.17092668858098226
4,0.086885897459048
4,0.042877408592875595
4,0.1896962221772749
4,0.033994932790741846
4,0.03826983549928433
4,0.052631287957573235
4,0.08080808080808075
4,0.4999528092761997
4,0.023897588319474125
4,0.10679016923847606
4,0.1744102547171337
4,0.13993490991527263
4,0.12260785751509246
4,0.06896551724137913
4,0.07527795638271359
4,0.16483516483555952
4,0.03188998169227308
4,0.0300000000000001
4,0.07058823529411748
4,0.08999943690458814
4,0.08457448876965493
4,0.01454337717923496
4,0.18823529411764708
4,0.041666666666666595
4,0.05093199997458916
4,0.1801744363980659
4,0.056170236552405176
4,0.12569001116755296
4,0.12121212121218838
4,0.07599187936533856
4,0.2089439407771953
4,0.04444444444444427
4,0.07291666666666667
4,0.09383634480096692
4,0.016112173578606774
4,0.08597929249268339
4,0.049776350701924245
4,0.12368177379045094
4,0.12434848167310728
4,0.04938271604942807
4,0.10760494034450761
4,0.03214044820425939
4,0.10377358490577199
4,0.08189301781172452
4,0.027688674660296383
5,0.12244892437546318
5,0.11783693475562587
5,0.01953260978843685
5,0.11642857549130552
5,0.7833118284391895
5,0.11460064508228433
5,0.08123421848513306
5,0.3032151080829651
5,0.19512195121951215
5,0.17162058434361568
5,0.10466413139849715
5,0.03593842808863113
5,0.09748307178417676
5,0.02055626982416921
5,0.15224997623522013
5,0.06683271572558813
5,0.13007595881770426
5,0.084451017241546
5,0.0575072801713733
5,0.1690461435790757
5,0.03636363636363641
5,0.04999999999999412
5,0.09345794392523263
5,0.08490566037737747
5,0.06276494885203927
5,0.2734375
5,0.18115942028985516
5,0.06603773584905563
5,0.0524525960202849
5,0.012382484080597288
5,0.057851239669508704
5,0.04958677685950401
5,0.12402109730431743
5,0.07951071165972132
5,0.02564102564104066
5,0.07439764576040231
5,0.07142857142844698
5,0.10718378415130775
5,0.058420370843279515
5,0.04580152671755728
5,0.04408447699552495
5,0.04450250317369291
5,0.49696077459969
5,0.02235570433558972
5,0.008695652173718987
5,0.18631539206329262
5,0.29196374478099635
5,0.13019865615058357
5,0.2837551927637806
5,0.07964601769911508
5,0.10634894937903036
5,0.1258714164986785
5,0.04697986577186006
5,0.058525766253994624
5,0.03947776657386203
5,0.05737704918050092
5,0.2668976886579727
5,0.02570805708646174
5,0.02752293577981642
5,0.012240237636213219
5,0.09090909090909091
5,0.12053266464408535
5,0.021073724948885115
5,0.08192951220120927
5,0.03970802370249093
5,0.04761904761904721
5,0.04849964072100224
5,0.0445098050022966
6,0.05934910811876373
6,0.06320020095417433
6,0.04363760848909127
6,0.06226166158461957
6,0.24615384615388836
6,0.10609054669623032
6,0.19731791499660106
6,0.2816901408450703
6,0.10144691863159092
6,0.10180157928658795
6,0.05719562039968637
6,0.09848484848484938
6,0.07263142447038066
6,0.05229291593082105
6,0.08024122722487827
6,0.0973453421468652
6,0.06451612903263859
6,0.03378378378378628
6,0.048209285014594365
6,0.13533834586466315
6,0.04867369583469443
6,0.0390456495534567
6,0.04778764022527522
6,0.079912687888025
6,0.03770831777627881
6,0.5675675675673881
6,0.10128136085954795
6,0.17968749999966474
6,0.08475538627906208
6,0.0239118034281137
6,0.05228758169934606
6,0.030449092333273767
6,0.19413766756859205
6,0.0827067669172933
6,0.08759124087593965
6,0.0374967437894761
6,0.05653464943791142
6,0.31428571428524127
6,0.02777777777776357
6,0.03311258278145614
6,0.036585365853659076
6,0.02371362372133274
6,0.17917523466963636
6,0.05839416058394159
6,0.008210359966775601
6,0.14083169301749368
6,0.1199999999999987
6,0.05162477333230451
6,0.02210520428936029
6,0.058794905976454266
6,0.2262773722627736
6,0.10071942446043168
6,0.11407486454080248
6,0.2657319349948001
6,0.03505419053511904
6,0.04918028349139435
6,0.12604956650316734
6,0.024000000000000136
6,0.09725753183826887
6,0.12178099516615849
6,0.1977676187423446
6,0.13233472496082815
6,0.04878048780487813
6,0.053435114503814655
6,0.029907023448340814
6,0.04925410003437779
6,0.08088235294117654
6,0.062015503875925616
7,0.06211180124223601
7,0.07127710674108484
7,0.024496486849295077
7,0.09868421052631582
7,0.1823899371069367
7,0.1419405385830862
7,0.04166666666708619
7,0.13018555398020895
7,0.12553255806266211
7,0.10478003871374565
7,0.11515151515151445
7,0.021792049605826418
7,0.12714649759252958
7,0.09365651084295583
7,0.11309523809523805
7,0.043995688421420515
7,0.07690868330379588
7,0.022853707436636117
7,0.07947019867557614
7,0.17532467532497376
7,0.0336646648912608
7,0.01829268292677537
7,0.16813257535027187
7,0.05161290322580648
7,0.029069767441860513
7,0.17628390074926056
7,0.06306710768681174
7,0.09744520887954955
7,0.05770924071133196
7,0.01714285714274565
7,0.1494252873563272
7,0.05264487488066957
7,0.2478690534794121
7,0.05467169802748257
7,0.04300669731815667
7,0.034724669978083954
7,0.03929496687239789
7,0.3515151515151658
7,0.020920477459504337
7,0.036652701394874865
7,0.03877776027855537
7,0.036809815950560126
7,0.13207338732350432
7,0.046274539528551054
7,0.0006247548615230288
7,0.0493827160497887
7,0.08193243202448891
7,0.031630205683552626
7,0.03703703703703705
7,0.1006289308174923
7,0.15313569017997994
7,0.09374999999999988
7,0.056307118514114594
7,0.1693267338627892
7,0.025000000000000893
7,0.03877814081241882
7,0.12269938650307322
7,0.008729115825685863
7,0.06329113924056384
7,0.11970630617662048
7,0.08695652173913045
7,0.11111111111111115
7,0.04105398856947019
7,0.04167878150886452
7,0.02722605946469831
7,0.06352623630319769
7,0.07974013996636671
7,0.05627204748531849
8,0.04202640934423793
8,0.047368421052631796
8,0.025247339791736823
8,0.1233367762335901
8,0.10634374561779968
8,0.09765226738769466
8,0.09122465636617373
8,0.09375000000016676
8,0.11953175655359852
8,0.1055555555555548
8,0.10526315789471197
8,0.05046765500792649
8,0.08167668888696016
8,0.04145798012163443
8,0.12151242118991636
8,0.05145633288281175
8,0.08163265306122443
8,0.04663212435233164
8,0.06946725696240713
8,0.08045977011494258
8,0.06280642390357587
8,0.014528759557482038
8,0.04603861509169723
8,0.07306876443529076
8,0.030794522627958853
8,0.3787750043297541
8,0.025865210500193025
8,0.08137838462300166
8,0.07029398613742241
8,0.030000000000000273
8,0.08763423883090994
8,0.040256884753765196
8,0.18888888888879102
8,0.10344827586172298
8,0.041681461855726416
8,0.07216494845360819
8,0.20070365305275475
8,0.13133089825884312
8,0.010014173468028796
8,0.01570680628272243
8,0.033787231999344663
8,0.02415458937198072
8,0.10169491525423713
8,0.03010232804758397
8,0.0009113924051990297
8,0.06045346445889665
8,0.08360197419643423
8,0.04717894795175847
8,0.05438764948959334
8,0.05938026172621498
8,0.09000710051567905
8,0.0721855315427707
8,0.04564315352697127
8,0.18571428571422235
8,0.04164978038687529
8,0.05378196673558158
8,0.10220176466512633
8,0.01149315648767325
8,0.016483516483516498
8,0.024761223489515045
8,0.05773797972506104
8,0.107029332685778
8,0.04866712047140686
8,0.04545454545454405
8,0.04498419412800797
8,0.10635033737707808
8,0.05042577016223536
8,0.027094822078736994
9,0.13873282075026833
9,0.03975351236644091
9,0.026715072394757386
9,0.1246902527789108
9,0.13230194168247061
9,0.07399753755882436
9,0.13259580323294268
9,0.08796296296295873
9,0.10697567193621202
9,0.1071503812441412
9,0.04144748035772139
9,0.043305581775761826
9,0.1219696788068506
9,0.06087818222436912
9,0.2142857142857082
9,0.0550925424829527
9,0.054621848739496354
9,0.054258561372051574
9,0.049489841441460396
9,0.07203961493610753
9,0.06857478297993404
9,0.013630570269692421
9,0.038561483983543615
9,0.05392156862745096
9,0.03783677245950608
9,0.30680718051529776
9,0.05073534817827208
9,0.07227521449553054
9,0.04975124378109457
9,0.03181818181818206
9,0.047215555747192536
9,0.06699115832166885
9,0.1210157312776816
9,0.1075093389830182
9,0.0878479216447427
9,0.09014302691465241
9,0.10028183462575085
9,0.09481444706945943
9,0.06698564593301437
9,0.009259259259259332
9,0.028225806451618398
9,0.03132614568772801
9,0.12999180131758803
9,0.043666162426186504
9,0.02739726027406439
9,0.4076327855083866
9,0.07998335953836959
9,0.12860824375198304
9,0.06763285024159313
9,0.04411764705882424
9,0.08457711442786066
9,0.08866995073891631
9,0.026415094339637634
9,0.12970711297071127
9,0.026842885856512847
9,0.0619752519842602
9,0.10358918307073017
9,0.026224210340694856
9,0.056996303839481025
9,0.014344071180073217
9,0.050061460974420255
9,0.12203530609832099
9,0.026726787594613773
9,0.13136696763208716
9,0.03796592528574562
9,0.11065166450554331
9,0.04392592233671774
9,0.025742079247560258
10,0.08894618299057962
10,0.04057333599598047
10,0.01597620408703656
10,0.10403841565360357
10,0.13642332709821114
10,0.10917030567685591
10,0.09769767926720625
10,0.09988963449426774
10,0.0810392823996305
10,0.07849469540317563
10,0.04201680672268972
10,0.026821559750582955
10,0.169741697416996
10,0.11381717720011839
10,0.21381581813515266
10,0.1524668237576609
10,0.07710188580399369
10,0.06008583690987122
10,0.058923102837417654
10,0.08221990531718518
10,0.05885803338825224
10,0.017391304347831277
10,0.06561261391679231
10,0.04461310049233842
10,0.025261919774943437
10,0.14313814411135387
10,0.04905660377311834
10,0.15525114155246156
10,0.14975984143316518
10,0.03643119426467996
10,0.05244817266873652
10,0.05286343612334803
10,0.10859728506787324
10,0.1064240619066332
10,0.08085106382978727
10,0.07531380753138073
10,0.10344827586206896
10,0.07941323684735165
10,0.06548639519285292
10,0.04371114534706593
10,0.02973977695130798
10,0.03468809217174741
10,0.13044062482594582
10,0.040255709582796353
10,0.11569001003029007
10,0.26704818753469173
10,0.061379306591456725
10,0.13513513513513442
10,0.10088311540332887
10,0.03996714876226651
10,0.1675392030969583
10,0.09570812778784929
10,0.05263157894736044
10,0.07866819511215747
10,0.042983258099825145
10,0.056277056277056224
10,0.16114516504567886
10,0.021834061135370623
10,0.03795505427489843
10,0.035231983706743186
10,0.0467916789632612
10,0.08677685950413232
10,0.027634679732832203
10,0.09229230537491823
10,0.03478260869565785
10,0.06196410405599274
10,0.07218145646225835
10,0.01815644810729892
11,0.08550185873618069
11,0.03937007874015757
11,0.08388450323590085
11,0.22548572990497354
11,0.10288065843620947
11,0.24803149606299368
11,0.08750591452608522
11,0.15138230219785628
11,0.09150407970983293
11,0.10038610038610025
11,0.06043664898296878
11,0.031365308403803256
11,0.16267924291545044
11,0.11981739643315845
11,0.188363713238983
11,0.1341453783149209
11,0.07050286737378443
11,0.0658134244995326
11,0.056254315452088886
11,0.0726269823038772
11,0.03928153849914867
11,0.023460592084315963
11,0.07915199404425245
11,0.04070504054886387
11,0.032205463901252666
11,0.12848284825821335
11,0.057315441668320574
11,0.17412980389803462
11,0.13061224489795728
11,0.03230040742992393
11,0.06331232418368166
11,0.04436259900777235
11,0.1472302808035564
11,0.097165991902834
11,0.03538404771558926
11,0.04929554255547196
11,0.11111111111111116
11,0.10177548809304209
11,0.02527343215026725
11,0.050193050193050204
11,0.03534396425545025
11,0.034390995469000284
11,0.07692307692307684
11,0.03494268476201868
11,0.07273637361292498
11,0.1673981982624
11,0.08407438021220452
11,0.13309726691879292
11,0.0719075925619775
11,0.0605682986846671
11,0.16956820421039312
11,0.06746031746031715
11,0.0904675802089093
11,0.09
11,0.03594721385331076
11,0.05577689243027881
11,0.16037418210908874
11,0.016064257028445
11,0.15832051260352248
11,0.038602186284213566
11,0.041206743981286965
11,0.0808099752220671
11,0.02756442058739081
11,0.08065976309736424
11,0.03921568627451019
11,0.05183217086457547
11,0.06072874493927265
11,0.016314672188045474
12,0.09066170239054434
12,0.06906016511686008
12,0.08362369337995611
12,0.2127488234450679
12,0.08492409036495466
12,0.18141752332865868
12,0.10676156583635703
12,0.16793090286632428
12,0.10877192982491456
12,0.11636734658533802
12,0.06009573494789481
12,0.048989634126059306
12,0.11854103343434974
12,0.06274509803921567
12,0.1866279706502725
12,0.15261034090190576
12,0.07839235972824951
12,0.05395683453237316
12,0.03007808681926415
12,0.08527131782924129
12,0.0268199233716441
12,0.17037037037033007
12,0.05283018867924488
12,0.07959486220670334
12,0.02994210812703977
12,0.1333333333333332
12,0.05431309904153395
12,0.11164094187968843
12,0.05708924264696496
12,0.03360813755677908
12,0.053627760252334684
12,0.04044117647058822
12,0.09469696969700211
12,0.08066679550913518
12,0.03095795276687079
12,0.07857142857142871
12,0.052018945605700695
12,0.08630209648901237
12,0.022751553918673974
12,0.03444279716585412
12,0.04494821030517716
12,0.029999999999961197
12,0.2086330935251771
12,0.05115540031413817
12,0.01190962227194972
12,0.1485148514853541
12,0.09150560628305057
12,0.13518042276410988
12,0.08038169580019952
12,0.0770602650609319
12,0.13207547169811326
12,0.12648264179111135
12,0.10421797585673666
12,0.08490008050413105
12,0.029520295202954305
12,0.12195204551764524
12,0.07756908434003094
12,0.011152416356877404
12,0.17221946150965117
12,0.0285021914921231
12,0.05904059040587357
12,0.061206931427704066
12,0.025715412266729396
12,0.09719659478842618
12,0.04161161721383485
12,0.05257228985183549
12,0.04494382022446533
12,0.011811023622369523
13,0.08350149280602003
13,0.07969154680303285
13,0.06674812342495723
13,0.12328767123287672
13,0.1580756013745704
13,0.14915254237288128
13,0.18946005681894132
13,0.1337278426283549
13,0.10658589198937016
13,0.10561056105602279
13,0.059602649006642916
13,0.049934487526346605
13,0.09589041095890415
13,0.03821551898276094
13,0.1444519202313065
13,0.11676646706586821
13,0.05324944812362032
13,0.04697986577188363
13,0.02821386034354421
13,0.08571428571428583
13,0.0362953132225167
13,0.11504466743801892
13,0.059310906370123095
13,0.07098232496772143
13,0.03392242416677553
13,0.15401440222988227
13,0.0442477876106194
13,0.19079473610669045
13,0.06328071932696813
13,0.023489094151329052
13,0.06231022174647249
13,0.03393455056699411
13,0.06964599346014283
13,0.12714776632302402
13,0.035483870967742
13,0.07354212484125218
13,0.04796284587921895
13,0.06934849099115739
13,0.067542320264323
13,0.022110612471603834
13,0.028987359296854996
13,0.04251623758319441
13,0.18910256410256393
13,0.044353549526990194
13,0.019491590676289947
13,0.12104147610109259
13,0.09857746582335032
13,0.11846689895479073
13,0.1193413152262592
13,0.07118644067796628
13,0.1492260558299567
13,0.12989575945062326
13,0.07068062827225496
13,0.20962644480359927
13,0.02849106420348963
13,0.13040832229042124
13,0.05066190908543926
13,0.14908962687574595
13,0.16893828822739165
13,0.011431200145104205
13,0.0681678093710057
13,0.08014336409724887
13,0.03413119805709125
13,0.08934707903780106
13,0.02952081281931343
13,0.08896603720610949
13,0.07638888888888885
13,0.027101355493753865
14,0.08579881656803823
14,0.10275733781816038
14,0.012978132659994429
14,0.12472787808877234
14,0.37341772151899516
14,0.11123506628051309
14,0.15758078132546777
14,0.13112282510372128
14,0.08845267038672236
14,0.11455108359133498
14,0.05151515151516458
14,0.03778440222340204
14,0.09784934292186055
14,0.055921052631579
14,0.17233380280023194
14,0.11484593837528857
14,0.05706521739130388
14,0.024281416486748395
14,0.03249446445754047
14,0.08521605369834959
14,0.04304635761589402
14,0.05000000000000008
14,0.08126881291293142
14,0.09032551638912883
14,0.02855936898293749
14,0.12921265006901653
14,0.09589041095892117
14,0.22869061719391154
14,0.06752411575562531
14,0.02222969930915102
14,0.07871984438847474
14,0.05023768027634533
14,0.05595249672542346
14,0.12500000000000147
14,0.03394607947394632
14,0.06468285487453351
14,0.06707317073185515
14,0.09486291926653374
14,0.06352798381792757
14,0.016130755261284692
14,0.03542234332425058
14,0.033670871035175486
14,0.10101053813188143
14,0.02915757088328043
14,0.014200257900834595
14,0.10868515878450435
14,0.09123203526654097
14,0.15606281913545225
14,0.12336860470388152
14,0.057424473970462915
14,0.2018927444794705
14,0.11526479750778983
14,0.11616198210149278
14,0.2111098050790955
14,0.028481012658157927
14,0.06281461895722322
14,0.05740181268892171
14,0.1322424439857401
14,0.08047422473594405
14,0.017451461345681513
14,0.06267108257959256
14,0.10416055529946008
14,0.2724252491693142
14,0.09779179810741165
14,0.03905857099776195
14,0.05642633228840117
14,0.0774807455876305
14,0.04067796610212185
15,0.07100177335091104
15,0.07991213469162486
15,0.016585753461823224
15,0.10513552913220203
15,0.3108054705819337
15,0.09302325581360897
15,0.14044943820194047
15,0.12085323276360377
15,0.06552706552706566
15,0.1042324346234767
15,0.05428571428573669
15,0.013445777274036747
15,0.07115508254671479
15,0.05487040422292469
15,0.1906568787914774
15,0.09770527070547037
15,0.07424754823689536
15,0.06841873002283197
15,0.03890281337125831
15,0.09549330497618652
15,0.04382089286865777
15,0.09472827761662106
15,0.16257668711656434
15,0.08059665390119077
15,0.030314920387888564
15,0.12671378503907402
15,0.09146622458665031
15,0.21699831151478433
15,0.08656716417908901
15,0.03892115995456684
15,0.07018141115908165
15,0.059241843992804674
15,0.059891289958645365
15,0.11990046355902825
15,0.03651685393275227
15,0.022804381756219863
15,0.07785234187894893
15,0.10272591280791443
15,0.04829131433370105
15,0.025641025641025644
15,0.0398009950248807
15,0.03542234332425347
15,0.14364640883978225
15,0.040697674418604037
15,0.011661807580174925
15,0.09388219599723538
15,0.2755571437052712
15,0.0912575930544823
15,0.07064392354665087
15,0.05278592375374798
15,0.19287833827891995
15,0.07286566743410235
15,0.10237990817870621
15,0.19769752918746591
15,0.022593330676053396
15,0.056849619925719005
15,0.07309379990741169
15,0.1467065868263503
15,0.05146938514181648
15,0.016370057391708402
15,0.033582572858406476
15,0.09742120343839548
15,0.24136382304428422
15,0.08081972720486436
15,0.03768115941999518
15,0.053672500658704395
15,0.08605341246290796
15,0.0521541675144337
16,0.09162382224930382
16,0.09010347178298365
16,0.050397877984085244
16,0.17962550167657573
16,0.28531855955678687
16,0.14512555211601863
16,0.07012987012987555
16,0.1282722513089131
16,0.050104347418244696
16,0.10301661053938774
16,0.04948500442217352
16,0.04884963948724227
16,0.1554524361948159
16,0.04651162790697163
16,0.153727531203653
16,0.08433734939759041
16,0.06517203940544972
16,0.07986075129164905
16,0.0603681969968652
16,0.08571428571428835
16,0.06706521901128218
16,0.09485094850948021
16,0.18518518518518529
16,0.07152271939117821
16,0.02813929046671957
16,0.10765166812735005
16,0.12188724840274448
16,0.10000000000000003
16,0.073239436619692
16,0.05397179971744578
16,0.07224593131812143
16,0.05540166204986184
16,0.12707182320442023
16,0.09000152084728413
16,0.05359200865513362
16,0.07199999999999987
16,0.05102941554554558
16,0.12379864219633274
16,0.05159639504507691
16,0.017576578414282115
16,0.040675983174142866
16,0.03732423113666788
16,0.12276214833759917
16,0.04369117175939346
16,0.008098793643514478
16,0.07884457409139588
16,0.26196473551657884
16,0.07828972684534984
16,0.0397209294585314
16,0.04818051890967434
16,0.14729452765581366
16,0.0815217391304348
16,0.10611306679775578
16,0.12093023255841044
16,0.016928422023526804
16,0.05080213903739127
16,0.07071949545623298
16,0.022598870056526502
16,0.03052835073100614
16,0.017623168400617128
16,0.03217158176943701
16,0.07418502827285592
16,0.2573645477828319
16,0.07458563535911833
16,0.03584364024236282
16,0.05787659928472379
16,0.0718232044198895
16,0.06250000000000012
17,0.1658059270644951
17,0.06321707179575166
17,0.04187192118226702
17,0.17525773195876443
17,0.1617707698769733
17,0.15064935064935073
17,0.05583885487289465
17,0.1389578163771725
17,0.06671708895344541
17,0.08507377839376454
17,0.06546942105872004
17,0.039172895411642775
17,0.15969446205522098
17,0.0399080412323239
17,0.15056897519475385
17,0.08597285067827692
17,0.0691724684690964
17,0.0758471587432618
17,0.05441561114998262
17,0.10781671159035225
17,0.08244680851064347
17,0.10998392784967731
17,0.133702719864015
17,0.04199470785990263
17,0.0328282828282829
17,0.11074804527944562
17,0.09928022104602309
17,0.0841336391561465
17,0.09377061205260427
17,0.044462908981379036
17,0.15454545454543608
17,0.04968234347151161
17,0.11984948939900392
17,0.12618414543655698
17,0.05418719211825246
17,0.07268170426065154
17,0.15151515151515288
17,0.1943966808128236
17,0.012025507131024436
17,0.021748381874612872
17,0.02890477982781739
17,0.02381832568870832
17,0.14003656614705695
17,0.0470702770583608
17,0.015357417404355304
17,0.05113262321794351
17,0.24644549763010895
17,0.05087452926685195
17,0.06769154272298912
17,0.046997389033444574
17,0.09323542851740381
17,0.07356161167158182
17,0.07720783551147656
17,0.11286112380114006
17,0.01755068822733951
17,0.06091370558375685
17,0.05523272265472021
17,0.01833704105109049
17,0.020673254046364893
17,0.018740810273407925
17,0.06615776081424937
17,0.08142493638677345
17,0.0661139043257084
17,0.07235142118863347
17,0.03636363636363588
17,0.04930787084953732
17,0.06459948320413435
17,0.036908099026233966
18,0.16744651711384267
18,0.05758493585817182
18,0.042253521126577716
18,0.1772943090959708
18,0.13664100049420397
18,0.14813063276087157
18,0.06242225247561259
18,0.12850467289719628
18,0.2664435837553455
18,0.07268618929432025
18,0.053326007999311795
18,0.036990575758092455
18,0.19269521936472545
18,0.033854166666659066
18,0.12269925987025755
18,0.06047516198704237
18,0.06734693877551033
18,0.11651615917964564
18,0.06636469509469853
18,0.10029194333930201
18,0.06435643564356575
18,0.09885008529611711
18,0.05640055998941343
18,0.06381342779063234
18,0.02950353981664553
18,0.10427311495755279
18,0.06956811707428616
18,0.08064338052247572
18,0.08749999999999995
18,0.05120988582454338
18,0.13519313304720917
18,0.05168021050991214
18,0.12839506172839504
18,0.08091322249665361
18,0.05258903071130681
18,0.06666666666666657
18,0.12380952380952394
18,0.18233850505370963
18,0.018509077272051578
18,0.025723795631265957
18,0.05153996747812221
18,0.03923310865132003
18,0.09451764587233238
18,0.03944914840739815
18,0.01757883476893685
18,0.05724179823840749
18,0.1675320382962367
18,0.04884342504726743
18,0.0880204711046741
18,0.07123327697938903
18,0.11056511056511054
18,0.07090464547677268
18,0.055226824457593485
18,0.12076200703863182
18,0.019220801290007437
18,0.06746987951807235
18,0.06791569086651048
18,0.014701965787089887
18,0.014353583341325313
18,0.013636363636270597
18,0.05596659836684037
18,0.0840540452322818
18,0.06159659472770021
18,0.06064559965205642
18,0.026207755488322215
18,0.157670057263343
18,0.05060240963855426
18,0.023872679045092833
19,0.14672489381833687
19,0.05365156034979375
19,0.03555555555553702
19,0.13449406808297856
19,0.1387144118513683
19,0.15302378223289143
19,0.05459120436938036
19,0.15098378529773632
19,0.26024527958209454
19,0.07296716637324331
19,0.04894210987781631
19,0.030588235294125764
19,0.17039022773952583
19,0.03550578835866302
19,0.08118471938793304
19,0.04676790824704391
19,0.05882352941154304
19,0.12202481496268541
19,0.06506413891492113
19,0.08570333550542357
19,0.06315434437996928
19,0.08399441546110534
19,0.0484917525101764
19,0.07432432432432445
19,0.029586155781925978
19,0.1082903524690659
19,0.08060417843073073
19,0.10215571968786388
19,0.06376685052918349
19,0.04172777195325962
19,0.15854311374962915
19,0.035545023696682485
19,0.10692237838641842
19,0.08001284539506312
19,0.039387308533911806
19,0.061363636363636835
19,0.15419501133826136
19,0.1901996750985109
19,0.01735357917555806
19,0.021751469636785675
19,0.04394147439549393
19,0.04097754464663613
19,0.13120108913150563
19,0.05672761432059014
19,0.0199758284554222
19,0.06252792160334342
19,0.07959331996574634
19,0.0547520031373006
19,0.0842289705425226
19,0.05924830964155363
19,0.11464160279842042
19,0.07515911515038685
19,0.0641214213543713
19,0.10450771233308402
19,0.0120913744473055
19,0.07597995396287924
19,0.061561196380120045
19,0.036520392445360574
19,0.09844641180166047
19,0.021461025889267175
19,0.10138248847926264
19,0.07757988976318778
19,0.05734206829740243
19,0.03731941345973575
19,0.10256410256410245
19,0.18028903443787125
19,0.05854422457003054
19,0.02770780856418301
20,0.15906788247324227
20,0.04633939744550279
20,0.033756971401146266
20,0.11513859275053305
20,0.10506256609017504
20,0.0777623655642525
20,0.04700030453834948
20,0.10568252624633045
20,0.2678617001010039
20,0.06058608670115921
20,0.043704895140484916
20,0.011545674016957082
20,0.12251219473054434
20,0.03311590274498831
20,0.08501506301488507
20,0.09487744499362712
20,0.06860367433068976
20,0.12895697377362125
20,0.06181461690450283
20,0.08035965174606416
20,0.058426966292174025
20,0.07032967032967254
20,0.03602178829797385
20,0.07487333722164606
20,0.019527194153467844
20,0.1005453015668393
20,0.056625172070182625
20,0.09715023811559408
20,0.0688888888889259
20,0.0625
20,0.14436848160562885
20,0.03837471783295132
20,0.14939028642394242
20,0.08656036446474587
20,0.06840424768229954
20,0.07046233375607125
20,0.16850387566594446
20,0.17018619532852086
20,0.02504219965435636
20,0.0224320653742282
20,0.051856303813741275
20,0.04065040650417283
20,0.15075633332867122
20,0.2247376278428962
20,0.01690100181804802
20,0.06998711824031195
20,0.07314712985035793
20,0.04422581951771039
20,0.09286678978001268
20,0.0698783581451741
20,0.09756097560971812
20,0.0867430928080047
20,0.06035570890385635
20,0.09055876685934532
20,0.018099547511314516
20,0.08931003009847939
20,0.07350956973801309
20,0.04260089686098658
20,0.09962971705913008
20,0.021442844108868105
20,0.09950377686275712
20,0.06605164565137356
20,0.053237331531668854
20,0.04376367614879647
20,0.09354555338116981
20,0.14990378763298906
20,0.0887472561884235
20,0.015029096086860037
21,0.10000000000002823
21,0.04783320956522802
21,0.03441295546558704
21,0.11478675930326694
21,0.09085310495398045
21,0.08816048855951701
21,0.05066390351166787
21,0.10204081632643126
21,0.07942729778153781
21,0.1012706706958782
21,0.03234646098899925
21,0.013133736752330523
21,0.128695490721903
21,0.032904901681374776
21,0.0886059659992673
21,0.09176029962546813
21,0.0658394649482618
21,0.1286919831223624
21,0.05300621910228194
21,0.08404127643289258
21,0.03506340011474137
21,0.08210526315797671
21,0.030697514230538014
21,0.0749387565459935
21,0.02643559465504274
21,0.08093517652985899
21,0.05449863330619392
21,0.09601066414030997
21,0.04033970276007161
21,0.07231404958677687
21,0.09936671882450122
21,0.03154610114629709
21,0.15889830508474578
21,0.04599940271213797
21,0.06685208814210544
21,0.25325699553145187
21,0.12924537458898647
21,0.0922949505113652
21,0.041666666666666644
21,0.020666703797456137
21,0.04179377252034101
21,0.04101562499998596
21,0.14589715923852573
21,0.218
21,0.006237006236970526
21,0.07736943907156664
21,0.07767297762495745
21,0.044532241678260684
21,0.06450510209815769
21,0.07620836022877107
21,0.09386515131107544
21,0.07555042293096985
21,0.07705963650854825
21,0.08525325150187604
21,0.01654621920250754
21,0.07638644959402124
21,0.08505893456807216
21,0.03519127616659362
21,0.08085106382978564
21,0.031746031746031855
21,0.08557509660125061
21,0.07131516830512845
21,0.05088778698817401
21,0.0642411010762304
21,0.11489361702127579
21,0.1298272897922982
21,0.08699653380595679
21,0.025051519652299507
22,0.10646387832699605
22,0.04197467751465378
22,0.030697771191238052
22,0.07031249999999999
22,0.07700509514919125
22,0.10003561304276509
22,0.0795668438295633
22,0.08431372549019615
22,0.08119777808956333
22,0.10978043912174447
22,0.03425167334572781
22,0.012821683955904217
22,0.113728291271049
22,0.040872346471273635
22,0.08940797007556392
22,0.09519467443788898
22,0.058160519234259266
22,0.06995673058599614
22,0.05611222444921011
22,0.09643605870020722
22,0.03736434831917736
22,0.033530571992110354
22,0.0427487153360579
22,0.06822612085770004
22,0.06502882253589483
22,0.08552833035470706
22,0.05561812154225576
22,0.07480036859612227
22,0.04953738056301976
22,0.06815511498528021
22,0.07891202493380103
22,0.03933747412008281
22,0.14837398373983732
22,0.06291016675613287
22,0.07839388145286075
22,0.24366471734892806
22,0.11050551134449049
22,0.0763747344060924
22,0.032442748091549116
22,0.020560747663573513
22,0.034760573708969504
22,0.04738221109325544
22,0.18968692449355437
22,0.27475833049094206
22,0.007067279469154843
22,0.18808193668528783
22,0.07706422018348622
22,0.04887886075924221
22,0.06020518857358719
22,0.0514634586333711
22,0.08548707753479118
22,0.07414829659318667
22,0.0672460591903806
22,0.09219858156025057
22,0.01658816653495925
22,0.062360170629144514
22,0.08007812500000024
22,0.04697443095548195
22,0.08898380687095556
22,0.029110404473324455
22,0.07629945168203389
22,0.08140399157344225
22,0.03185704785944107
22,0.06527514999284055
22,0.11020408163272767
22,0.11085311602166052
22,0.07539682539667694
22,0.03923847706082968
23,0.10610295798315125
23,0.0475132444123508
23,0.029739776951672833
23,0.07714541638331007
23,0.09835448483544845
23,0.0897794106761223
23,0.11045337751509804
23,0.0935076769393777
23,0.0762081784386617
23,0.1300189528818287
23,0.06309751434034365
23,0.028519431784976415
23,0.14068803356411222
23,0.03185258576910041
23,0.10545454545454547
23,0.11317567567533206
23,0.07281553398042137
23,0.046109963606730704
23,0.048318509510734284
23,0.07934908214113026
23,0.0313111545987444
23,0.03232305335965552
23,0.0748031496062992
23,0.060321604132480486
23,0.06683810976979744
23,0.0709178889026067
23,0.05744147250729524
23,0.07175554023687748
23,0.045162406832177725
23,0.06954121171066813
23,0.10677578347177985
23,0.047061758042825606
23,0.15473887814303974
23,0.08007812500000207
23,0.07073240107087667
23,0.22885650852708272
23,0.11234564364092664
23,0.07256244367710876
23,0.03860294117647069
23,0.028398241947465593
23,0.02893204595978269
23,0.03099289169165068
23,0.1723100313576432
23,0.28073394495412846
23,0.0057034220532319255
23,0.18312387791741194
23,0.07511643622467923
23,0.06405999013619589
23,0.046264414624566166
23,0.04230371272851467
23,0.08826424557741869
23,0.08382337107314167
23,0.07142129515941599
23,0.14913878838074196
23,0.017150746335894078
23,0.05158696622560037
23,0.08582089552231983
23,0.029454448446404144
23,0.08398437500000074
23,0.031002626407149868
23,0.07183632853482055
23,0.07232918168273715
23,0.040334337642091114
23,0.08293166429891984
23,0.06863081907329695
23,0.10329411049287004
23,0.08015267175572424
23,0.04868416695071762
24,0.08465608465609462
24,0.036439927521969034
24,0.023593621680821436
24,0.08231173380036201
24,0.0929241285481617
24,0.1123110089684861
24,0.09113662926675828
24,0.099087709377362
24,0.15836298932385606
24,0.12139934190628543
24,0.06310028380771779
24,0.03364485981308404
24,0.15689381933436433
24,0.036235422532644335
24,0.12424264494700399
24,0.0826717664522194
24,0.0588235294122283
24,0.0259740259740275
24,0.0572663103640462
24,0.09640241394924177
24,0.029201116395274795
24,0.031964194564793
24,0.0775934427567031
24,0.04992827850669329
24,0.055625800964770995
24,0.11741453675736765
24,0.046722959945079
24,0.10947124046858778
24,0.053758962140973164
24,0.06227758007117433
24,0.13135940675246963
24,0.043893129771211854
24,0.11137103366416265
24,0.10119562976636173
24,0.0648757646414194
24,0.21592920353983067
24,0.09757478479877879
24,0.08371822731167002
24,0.03520167746364787
24,0.03407155025553073
24,0.03543759479225961
24,0.03315881326352527
24,0.16027838545260933
24,0.2418724618595021
24,0.003765855153942286
24,0.16862745097903153
24,0.12798634812286694
24,0.07006087408267125
24,0.05951426267966015
24,0.05936303892450467
24,0.1066801463403104
24,0.05987440567879611
24,0.04355830392773749
24,0.1407504032540523
24,0.02462121212129837
24,0.049507736376032875
24,0.10592459605020443
24,0.023891049721120165
24,0.0483871340835922
24,0.031979169080585707
24,0.06859205776215664
24,0.07126397678519768
24,0.032030955782736424
24,0.08448331209447564
24,0.047817572760776236
24,0.0811201818745551
24,0.06883858055294828
24,0.06653620352214865
25,0.06462585034038808
25,0.04808337036034208
25,0.020421547096144462
25,0.07564130869314034
25,0.09968364858659554
25,0.1321428571428571
25,0.09849106584243429
25,0.125
25,0.15529010238907223
25,0.11000160674678927
25,0.05635921935976021
25,0.029899003005530618
25,0.12175529936892024
25,0.023482238789014107
25,0.12013536379018801
25,0.08915211791375562
25,0.0557022246650388
25,0.029673687388942376
25,0.056987760921131045
25,0.1015408461970621
25,0.02702702702702694
25,0.028169014084506967
25,0.08231101499620287
25,0.054745859138797016
25,0.04618174491219454
25,0.11631663974151875
25,0.05450516298350093
25,0.10603290676416832
25,0.06329113924055593
25,0.05292351263736368
25,0.1200144206497973
25,0.04379562043795614
25,0.0753650549205878
25,0.10474877372674878
25,0.047293700342226394
25,0.20427263143441884
25,0.06602110263585154
25,0.07678883071553227
25,0.03401360544221434
25,0.03878791819736967
25,0.041795665634675
25,0.038238590028009785
25,0.14194805888397188
25,0.20948598709132465
25,0.008620689655179472
25,0.15859766277128537
25,0.13560765387059712
25,0.06693438917674387
25,0.05512121196914878
25,0.049919634334168225
25,0.12212246455140838
25,0.06843776994411487
25,0.03181818181818189
25,0.13884555382215327
25,0.023182292854065152
25,0.0642316538668711
25,0.07442725215022078
25,0.021285614508321095
25,0.04852070686522917
25,0.03589011236897521
25,0.06870531581112063
25,0.07844367827060736
25,0.0550614260548672
25,0.07420494699643139
25,0.03783783783768407
25,0.0895227421626953
25,0.049528572891008725
25,0.05637630205709954
26,0.0604167937829666
26,0.044217687074829926
26,0.017355665332674543
26,0.07203549159473371
26,0.07350427350427344
26,0.12908777969041668
26,0.1403013182679561
26,0.13006468702413107
26,0.1470113085621971
26,0.07928793493347637
26,0.0547609997149102
26,0.06944444444443988
26,0.12156295224310851
26,0.026468984593691163
26,0.11882083900128998
26,0.0794398368336828
26,0.06294459227037555
26,0.028520992019928366
26,0.04244482173174884
26,0.09123434704830059
26,0.02951388888888889
26,0.02211708406279581
26,0.09134505851684381
26,0.0521086969727314
26,0.049312316908422874
26,0.12976706337927416
26,0.045992196291824376
26,0.1097679887582712
26,0.06447788652057543
26,0.06026058631922011
26,0.13127964366093295
26,0.04105133992690684
26,0.07101149851013694
26,0.09807021675108649
26,0.048076923076923135
26,0.05271828665520882
26,0.07628833555005382
26,0.09791912817604402
26,0.030212911890302722
26,0.032405936549728794
26,0.04638038789238546
26,0.03525641025640805
26,0.13114754098360593
26,0.192168227621925
26,0.006767145352424989
26,0.1601575169358244
26,0.13556618819776708
26,0.08048019608946541
26,0.0840630472853701
26,0.04654435510733788
26,0.11983708106473938
26,0.06599359412708575
26,0.06143727986754092
26,0.14611886632834092
26,0.028082285541654945
26,0.0557377049180327
26,0.08026188222405072
26,0.021698417140160884
26,0.05491462083510429
26,0.06026058631921823
26,0.06309538939164326
26,0.09917038964593368
26,0.05789473684210526
26,0.07675407117944741
26,0.04482758620689663
26,0.10964774045016244
26,0.05539748598588928
26,0.07294719316073292
27,0.04928457869634679
27,0.05265858591646874
27,0.023031436307781566
27,0.07740916271741506
27,0.0677685950412854
27,0.1303810624794418
27,0.12001787177005063
27,0.13152379142946102
27,0.1478586968149623
27,0.0813421241754378
27,0.07857644717834002
27,0.07382550335570476
27,0.11157099154208737
27,0.021568067387206256
27,0.11066459822107655
27,0.07132459970888938
27,0.057534246575458366
27,0.02882498296017786
27,0.04725433243707355
27,0.1137931034482729
27,0.04026845637583899
27,0.02283849918433935
27,0.07160699734210667
27,0.046031746031774
27,0.03751245994948456
27,0.14955139295472733
27,0.06746029405590476
27,0.09693877551020431
27,0.06156111343159388
27,0.07742739362269851
27,0.13799430390981762
27,0.04702637367785141
27,0.08711795584567616
27,0.09579831932773464
27,0.025228333950194637
27,0.04405794931683699
27,0.10254643904497066
27,0.0994906430286427
27,0.014658183137813325
27,0.03675691285839068
27,0.04416875096731679
27,0.0389639681966936
27,0.13344375802072475
27,0.21287280120424357
27,0.009661835748792353
27,0.2154901165246194
27,0.14781342063874836
27,0.08661636693415396
27,0.08445945945943267
27,0.0698843734362709
27,0.10194843130367247
27,0.07411031907824853
27,0.05834580085340658
27,0.13556851311953355
27,0.029101113136104466
27,0.06706011864687862
27,0.09231940404072246
27,0.02203066046875669
27,0.06126455916760386
27,0.05349060472660224
27,0.07674264636478563
27,0.0890443118904341
27,0.04616792097308152
27,0.06177340095413624
27,0.04392200621410773
27,0.06269592476489041
27,0.06178861788617886
27,0.054706842425372125
28,0.04984226573993836
28,0.049574635279647415
28,0.024037705756120187
28,0.07653673548103009
28,0.07869811943365958
28,0.12887008985530854
28,0.11544227886054288
28,0.12079510703363916
28,0.1424242424243085
28,0.06538702671185839
28,0.05243821684169422
28,0.14384337139227255
28,0.08571428571428802
28,0.02096657143828175
28,0.12701014172215958
28,0.055084745762711926
28,0.06366047745355281
28,0.028616852146263836
28,0.03360620308073557
28,0.12333333333333388
28,0.038727712125066455
28,0.024207827699930788
28,0.07106256805011277
28,0.0506912442400101
28,0.03518925166250382
28,0.1444089449130167
28,0.06891885883660616
28,0.09868421052631585
28,0.04577856745301196
28,0.058903074079938125
28,0.1395850698779299
28,0.045743784767755286
28,0.07947338913376145
28,0.081945184465464
28,0.028400597907635664
28,0.08413275961200067
28,0.0963887809394419
28,0.07879269623978381
28,0.014474939615162465
28,0.034270378430593135
28,0.04612331318957565
28,0.036603221083455324
28,0.12755384869838007
28,0.17944785276073377
28,0.009055027226187864
28,0.15834013080002013
28,0.14420650550967395
28,0.08265040070276017
28,0.06834925982771956
28,0.056407148043328
28,0.0960365853653586
28,0.07667731629392414
28,0.06216931216931217
28,0.14022662889503745
28,0.029075906780285363
28,0.06495468277945618
28,0.1419951197634373
28,0.018375261241285717
28,0.0485597281043779
28,0.06564885496183205
28,0.0674846625766871
28,0.08310601232789046
28,0.058901900576509895
28,0.1664025356576867
28,0.040319319537472954
28,0.04504504504504448
28,0.07343750000000007
28,0.03622538495599545
29,0.03543012446799719
29,0.07601126950262913
29,0.023668639053254493
29,0.10506832062548709
29,0.07510807915415554
29,0.09144759052757716
29,0.09799998304353194
29,0.1288888888889286
29,0.08843074835958756
29,0.053407057676972715
29,0.04086323212357158
29,0.14109275493996098
29,0.08949188302217292
29,0.022309906202545846
29,0.1376756201079303
29,0.04938271604938631
29,0.07139659191943458
29,0.03668028665326063
29,0.057508433174362654
29,0.12062233083825398
29,0.044240714834723825
29,0.01978691019807515
29,0.06901464339426194
29,0.07111111111111117
29,0.029551761324150837
29,0.1545961002785535
29,0.06540873796748116
29,0.10397909294583216
29,0.04499331257187134
29,0.08321757385705555
29,0.10462361840607531
29,0.039346930048582335
29,0.09076923076923085
29,0.07982940149765691
29,0.0331827570702095
29,0.08237152007358464
29,0.06666666666666658
29,0.09447048170591875
29,0.014012457405430973
29,0.024999999999930817
29,0.04995261130963619
29,0.04345869016084489
29,0.13989856957132796
29,0.16193936909919235
29,0.010558069381598971
29,0.17810218978100273
29,0.13314447592064244
29,0.05991523802284936
29,0.056426332288401174
29,0.056065350500701376
29,0.10456553755522824
29,0.06823546008526621
29,0.05495990492422536
29,0.0868742308291267
29,0.03317535545023693
29,0.07690094829113213
29,0.12074889724496146
29,0.02441945532637945
29,0.04658385093167715
29,0.07519060428738616
29,0.07363595023982299
29,0.07906860062032472
29,0.06599252957537267
29,0.15316884599975775
29,0.10667035047283428
29,0.037681159420314664
29,0.06666666666678939
29,0.03503184713375739
30,0.061692969870892796
30,0.06926900166876261
30,0.023335289244782946
30,0.10231839044839008
30,0.10385756676561472
30,0.1253531033384918
30,0.10814606741573092
30,0.1222881412903598
30,0.10398860398860192
30,0.06263162556951117
30,0.030746203497900495
30,0.15521516458131548
30,0.09713378604838221
30,0.02099296942886484
30,0.13105413105413763
30,0.0880565320761618
30,0.07320099255583117
30,0.030500148736901503
30,0.06031456830519815
30,0.11906234738751792
30,0.03692376038000741
30,0.02262228245186121
30,0.06881522956600104
30,0.06852748271657536
30,0.042450007958147545
30,0.12837091651001914
30,0.060728744939389935
30,0.07044410413487794
30,0.03793626707131989
30,0.08356940509915009
30,0.10596026490062666
30,0.03215926493106627
30,0.08822853156020856
30,0.07019030679705572
30,0.03855181095961231
30,0.07936507936507944
30,0.07269855910990886
30,0.09565217391304345
30,0.017045454545454593
30,0.022435258254750567
30,0.05110308570309766
30,0.044001142250477604
30,0.1413748378729612
30,0.1329799470625587
30,0.011527447524286735
30,0.17066290550070515
30,0.10729023383768911
30,0.07377176463898205
30,0.06666666666666667
30,0.06341142308173817
30,0.10470102466617022
30,0.08560105833586265
30,0.06400054636638666
30,0.07407407407408667
30,0.018416290893542787
30,0.05495621980191803
30,0.13603473227207288
30,0.018099547511306956
30,0.04550486270425533
30,0.07954545454545459
30,0.0728313907579756
30,0.09515031273547293
30,0.06296851574212897
30,0.14792899408284027
30,0.0812626982453432
30,0.051855258527426056
30,0.0593167827939182
30,0.032159264931087464
31,0.08149171270717705
31,0.06776225210061462
31,0.02103632294715095
31,0.08994797293676851
31,0.12168760328803228
31,0.10760401721664159
31,0.10914051841745737
31,0.12162006817118538
31,0.10547627449148192
31,0.06569566595637806
31,0.030950545574764288
31,0.1503659478821836
31,0.0699256270427305
31,0.015831169311603704
31,0.10591471801925721
31,0.08005082592122047
31,0.060863767824675445
31,0.029536920072256174
31,0.05099150141643061
31,0.11362350764967832
31,0.04267826717123519
31,0.02135267116414004
31,0.058398300191282344
31,0.06918789576585267
31,0.05189873417721524
31,0.13612565445026228
31,0.07161350748522888
31,0.05370825154406168
31,0.0357072939765868
31,0.06420765027322407
31,0.11227917681592045
31,0.03887938331433227
31,0.08132467395351645
31,0.07486514511263334
31,0.033818934383744566
31,0.09118311776789659
31,0.10151059021108956
31,0.10724233983286907
31,0.019178082191976954
31,0.01950729633893993
31,0.04738154613488437
31,0.049751672645645055
31,0.15323773371924762
31,0.06853146853117749
31,0.009887005649744538
31,0.1877111098323791
31,0.09557453623325522
31,0.06813579093378014
31,0.05994152046783627
31,0.05751965966998132
31,0.09203296703296751
31,0.07199785465272192
31,0.05741626794297572
31,0.07851802301249694
31,0.028522579245183487
31,0.06403236648232927
31,0.12483590124772992
31,0.02034883720930292
31,0.053745962146772644
31,0.07742914421696061
31,0.0759681504571729
31,0.08004981196421376
31,0.05945610474692077
31,0.15834522111267746
31,0.07788113528305651
31,0.045011815850054045
31,0.06910859376879022
31,0.01960886961073926
